person_1,person_2,mutual_type
example100036@students.pitzer.edu,example101539@students.claremontmckenna.edu,like
example100434@students.pitzer.edu,example101933@mymail.pomona.edu,like
example100745@scrippscollege.edu,example100857@students.pitzer.edu,like
example101284@mymail.pomona.edu,example101511@hmc.edu,friend
example100339@hmc.edu,example101871@students.pitzer.edu,like
example100151@scrippscollege.edu,example100702@mymail.pomona.edu,like
example100116@hmc.edu,example100751@mymail.pomona.edu,friend
example100766@scrippscollege.edu,example101040@scrippscollege.edu,friend
example100835@students.pitzer.edu,example101476@mymail.pomona.edu,like
example100557@mymail.pomona.edu,example101623@hmc.edu,friend
example100174@mymail.pomona.edu,example100541@scrippscollege.edu,friend
example101163@students.claremontmckenna.edu,example101230@students.pitzer.edu,friend
example100260@students.pitzer.edu,example101603@students.claremontmckenna.edu,friend
example100757@students.claremontmckenna.edu,example101197@students.claremontmckenna.edu,like
example101643@students.claremontmckenna.edu,example101929@students.pitzer.edu,friend
example100470@scrippscollege.edu,example101913@hmc.edu,friend
example100259@scrippscollege.edu,example100608@hmc.edu,friend
example100433@students.pitzer.edu,example101857@students.pitzer.edu,friend
example100723@hmc.edu,example100808@hmc.edu,friend
example100686@students.claremontmckenna.edu,example101764@students.claremontmckenna.edu,like
example101101@mymail.pomona.edu,example101684@students.pitzer.edu,like
example100183@students.pitzer.edu,example101204@students.pitzer.edu,like
example100903@mymail.pomona.edu,example101579@scrippscollege.edu,like
example101156@mymail.pomona.edu,example101478@hmc.edu,like
example100021@mymail.pomona.edu,example101686@students.pitzer.edu,friend
example100506@scrippscollege.edu,example100674@hmc.edu,like
example100865@students.pitzer.edu,example101863@students.claremontmckenna.edu,like
example100801@hmc.edu,example101341@hmc.edu,friend
example101338@students.pitzer.edu,example101490@hmc.edu,like
example101030@hmc.edu,example101031@students.pitzer.edu,friend
example100473@students.claremontmckenna.edu,example100911@students.pitzer.edu,friend
example101083@hmc.edu,example101398@scrippscollege.edu,like
example100796@scrippscollege.edu,example101069@students.claremontmckenna.edu,friend
example100372@scrippscollege.edu,example101751@hmc.edu,friend
example101276@students.pitzer.edu,example101802@students.pitzer.edu,like
example101128@students.claremontmckenna.edu,example101511@hmc.edu,like
example100762@hmc.edu,example101095@mymail.pomona.edu,friend
example100444@students.pitzer.edu,example100811@hmc.edu,like
example100164@scrippscollege.edu,example100466@hmc.edu,like
example101139@scrippscollege.edu,example101955@hmc.edu,like
example100802@hmc.edu,example101740@students.pitzer.edu,like
example100737@students.pitzer.edu,example101095@mymail.pomona.edu,friend
example100389@students.pitzer.edu,example100829@students.claremontmckenna.edu,like
example100388@mymail.pomona.edu,example100765@students.claremontmckenna.edu,friend
example100116@hmc.edu,example101734@students.claremontmckenna.edu,friend
example101242@scrippscollege.edu,example101914@hmc.edu,friend
example101076@hmc.edu,example101804@students.claremontmckenna.edu,friend
example101334@students.pitzer.edu,example101531@students.claremontmckenna.edu,friend
example101208@hmc.edu,example101250@scrippscollege.edu,friend
example100226@mymail.pomona.edu,example100852@students.claremontmckenna.edu,like
example101307@students.claremontmckenna.edu,example101535@scrippscollege.edu,friend
example100453@hmc.edu,example100584@mymail.pomona.edu,friend
example100428@hmc.edu,example101604@students.pitzer.edu,like
example100152@students.pitzer.edu,example100523@hmc.edu,friend
example100495@mymail.pomona.edu,example101660@mymail.pomona.edu,like
example101089@scrippscollege.edu,example101355@mymail.pomona.edu,like
example100841@students.claremontmckenna.edu,example101669@students.pitzer.edu,like
example100260@students.pitzer.edu,example101437@mymail.pomona.edu,friend
example100388@mymail.pomona.edu,example101363@mymail.pomona.edu,friend
example100654@mymail.pomona.edu,example101772@hmc.edu,like
example100023@students.claremontmckenna.edu,example101581@mymail.pomona.edu,like
example100100@scrippscollege.edu,example101961@students.claremontmckenna.edu,friend
example101076@hmc.edu,example101418@hmc.edu,like
example100838@hmc.edu,example101413@hmc.edu,like
example100732@students.pitzer.edu,example101317@scrippscollege.edu,friend
example101204@students.pitzer.edu,example101272@students.pitzer.edu,friend
example100964@students.pitzer.edu,example101367@students.claremontmckenna.edu,like
example101503@hmc.edu,example101781@mymail.pomona.edu,like
example100257@mymail.pomona.edu,example101297@hmc.edu,friend
example101617@students.pitzer.edu,example101724@hmc.edu,like
example100219@scrippscollege.edu,example101272@students.pitzer.edu,friend
example100097@scrippscollege.edu,example100275@scrippscollege.edu,like
example100326@mymail.pomona.edu,example100791@students.claremontmckenna.edu,like
example100106@scrippscollege.edu,example101764@students.claremontmckenna.edu,like
example100598@students.claremontmckenna.edu,example101684@students.pitzer.edu,like
example100167@students.claremontmckenna.edu,example101093@students.pitzer.edu,friend
example100961@students.pitzer.edu,example101946@students.claremontmckenna.edu,friend
example100465@students.pitzer.edu,example101554@mymail.pomona.edu,friend
example101127@students.claremontmckenna.edu,example101806@hmc.edu,like
example101355@mymail.pomona.edu,example101725@hmc.edu,friend
example100029@students.claremontmckenna.edu,example101557@students.pitzer.edu,friend
example101319@hmc.edu,example101673@students.pitzer.edu,like
example100767@students.claremontmckenna.edu,example101497@students.pitzer.edu,friend
example100432@students.pitzer.edu,example101174@students.claremontmckenna.edu,like
example101198@students.claremontmckenna.edu,example101620@scrippscollege.edu,friend
example101315@scrippscollege.edu,example101778@students.pitzer.edu,like
example101161@students.claremontmckenna.edu,example101729@hmc.edu,friend
example100441@scrippscollege.edu,example101436@students.pitzer.edu,like
example100496@students.pitzer.edu,example100514@hmc.edu,like
example100216@students.pitzer.edu,example100294@students.claremontmckenna.edu,friend
example100327@hmc.edu,example101719@mymail.pomona.edu,like
example100048@mymail.pomona.edu,example101270@hmc.edu,like
example100018@students.pitzer.edu,example101586@scrippscollege.edu,like
example100516@students.claremontmckenna.edu,example101146@scrippscollege.edu,like
example100678@mymail.pomona.edu,example101554@mymail.pomona.edu,like
example101407@students.pitzer.edu,example101936@students.claremontmckenna.edu,friend
example100876@scrippscollege.edu,example101312@mymail.pomona.edu,like
example100158@hmc.edu,example100997@scrippscollege.edu,like
example101391@scrippscollege.edu,example101657@students.claremontmckenna.edu,like
example100476@hmc.edu,example101303@students.pitzer.edu,friend
example101269@students.pitzer.edu,example101324@mymail.pomona.edu,like
example100909@hmc.edu,example101359@students.claremontmckenna.edu,like
example101459@scrippscollege.edu,example101713@students.claremontmckenna.edu,friend
example101443@scrippscollege.edu,example101542@hmc.edu,like
example101178@students.pitzer.edu,example101855@students.claremontmckenna.edu,like
example100479@mymail.pomona.edu,example101456@students.pitzer.edu,like
example100985@hmc.edu,example101715@students.pitzer.edu,friend
example101452@scrippscollege.edu,example101852@students.claremontmckenna.edu,friend
example100557@mymail.pomona.edu,example101527@mymail.pomona.edu,like
example100326@mymail.pomona.edu,example101424@mymail.pomona.edu,friend
example101146@scrippscollege.edu,example101964@mymail.pomona.edu,like
example100069@students.claremontmckenna.edu,example101945@scrippscollege.edu,friend
example100025@scrippscollege.edu,example100520@students.pitzer.edu,like
example100285@mymail.pomona.edu,example101919@students.claremontmckenna.edu,like
example100084@students.claremontmckenna.edu,example101548@scrippscollege.edu,friend
example100368@mymail.pomona.edu,example101443@scrippscollege.edu,friend
example101518@hmc.edu,example101998@students.pitzer.edu,friend
example100641@scrippscollege.edu,example101980@mymail.pomona.edu,like
example100423@students.claremontmckenna.edu,example100884@mymail.pomona.edu,friend
example100865@students.pitzer.edu,example101346@students.pitzer.edu,like
example101090@scrippscollege.edu,example101100@students.pitzer.edu,like
example100106@scrippscollege.edu,example101831@students.pitzer.edu,friend
example100627@students.claremontmckenna.edu,example101340@hmc.edu,like
example100149@hmc.edu,example101888@students.pitzer.edu,like
example100992@hmc.edu,example101640@hmc.edu,friend
example100725@hmc.edu,example101471@mymail.pomona.edu,friend
example100057@hmc.edu,example101031@students.pitzer.edu,like
example100677@hmc.edu,example101224@hmc.edu,friend
example100483@scrippscollege.edu,example100739@students.pitzer.edu,friend
example101157@hmc.edu,example101231@mymail.pomona.edu,like
example100907@hmc.edu,example101337@students.claremontmckenna.edu,like
example100241@hmc.edu,example101009@mymail.pomona.edu,like
example101042@students.claremontmckenna.edu,example101991@hmc.edu,like
example101229@students.pitzer.edu,example101816@scrippscollege.edu,like
example100485@scrippscollege.edu,example100539@scrippscollege.edu,friend
example100149@hmc.edu,example101244@mymail.pomona.edu,like
example100324@hmc.edu,example101606@students.pitzer.edu,friend
example101330@mymail.pomona.edu,example101542@hmc.edu,like
example100136@students.pitzer.edu,example100331@students.pitzer.edu,friend
example100113@hmc.edu,example100659@scrippscollege.edu,like
example100451@scrippscollege.edu,example100542@scrippscollege.edu,friend
example100248@students.claremontmckenna.edu,example101875@mymail.pomona.edu,friend
example100169@scrippscollege.edu,example101266@students.pitzer.edu,friend
example100572@scrippscollege.edu,example101692@scrippscollege.edu,friend
example100184@mymail.pomona.edu,example101602@scrippscollege.edu,like
example101019@scrippscollege.edu,example101556@scrippscollege.edu,like
example100457@hmc.edu,example101208@hmc.edu,like
example101476@mymail.pomona.edu,example101569@scrippscollege.edu,friend
example100695@students.claremontmckenna.edu,example101915@scrippscollege.edu,like
example100228@students.claremontmckenna.edu,example100845@mymail.pomona.edu,like
example100200@students.pitzer.edu,example101678@hmc.edu,friend
example100288@students.claremontmckenna.edu,example100933@students.claremontmckenna.edu,like
example100037@scrippscollege.edu,example100653@students.pitzer.edu,friend
example100165@students.claremontmckenna.edu,example100697@students.pitzer.edu,like
example100230@mymail.pomona.edu,example101110@hmc.edu,like
example100614@students.claremontmckenna.edu,example100709@students.claremontmckenna.edu,like
example100054@hmc.edu,example101337@students.claremontmckenna.edu,like
example101348@scrippscollege.edu,example101617@students.pitzer.edu,friend
example100818@students.pitzer.edu,example100837@students.pitzer.edu,like
example100485@scrippscollege.edu,example100807@scrippscollege.edu,like
example100112@hmc.edu,example101453@hmc.edu,like
example101600@hmc.edu,example101863@students.claremontmckenna.edu,like
example100359@hmc.edu,example101109@mymail.pomona.edu,friend
example100061@mymail.pomona.edu,example101355@mymail.pomona.edu,like
example100204@hmc.edu,example100585@students.pitzer.edu,like
example100026@students.pitzer.edu,example100118@scrippscollege.edu,like
example100632@mymail.pomona.edu,example101598@students.claremontmckenna.edu,like
example100068@students.pitzer.edu,example100572@scrippscollege.edu,friend
example100423@students.claremontmckenna.edu,example101790@scrippscollege.edu,friend
example100305@mymail.pomona.edu,example100624@scrippscollege.edu,like
example100850@scrippscollege.edu,example101180@students.pitzer.edu,like
example100636@hmc.edu,example101688@mymail.pomona.edu,like
example100947@mymail.pomona.edu,example101356@mymail.pomona.edu,friend
example100082@mymail.pomona.edu,example100786@students.pitzer.edu,like
example100136@students.pitzer.edu,example100381@scrippscollege.edu,like
example100700@students.pitzer.edu,example101181@students.claremontmckenna.edu,like
example101307@students.claremontmckenna.edu,example101466@students.pitzer.edu,like
example100165@students.claremontmckenna.edu,example100314@mymail.pomona.edu,friend
example100876@scrippscollege.edu,example101485@scrippscollege.edu,friend
example100024@mymail.pomona.edu,example101614@mymail.pomona.edu,like
example100937@hmc.edu,example101773@students.claremontmckenna.edu,friend
example100093@hmc.edu,example101946@students.claremontmckenna.edu,like
example100544@students.pitzer.edu,example101946@students.claremontmckenna.edu,like
example101300@mymail.pomona.edu,example101607@hmc.edu,friend
example101217@students.claremontmckenna.edu,example101347@students.pitzer.edu,like
example101078@students.pitzer.edu,example101309@scrippscollege.edu,friend
example101114@scrippscollege.edu,example101428@students.pitzer.edu,like
example100020@mymail.pomona.edu,example100881@scrippscollege.edu,like
example100286@students.pitzer.edu,example101307@students.claremontmckenna.edu,friend
example100292@hmc.edu,example101183@mymail.pomona.edu,friend
example100018@students.pitzer.edu,example101361@hmc.edu,friend
example101318@mymail.pomona.edu,example101583@hmc.edu,friend
example100483@scrippscollege.edu,example100626@scrippscollege.edu,friend
example100427@scrippscollege.edu,example100670@mymail.pomona.edu,friend
example100225@mymail.pomona.edu,example100350@students.claremontmckenna.edu,like
example101057@scrippscollege.edu,example101746@mymail.pomona.edu,like
example100745@scrippscollege.edu,example101475@students.pitzer.edu,like
example100598@students.claremontmckenna.edu,example101334@students.pitzer.edu,friend
example101636@students.pitzer.edu,example101998@students.pitzer.edu,friend
example100116@hmc.edu,example100834@mymail.pomona.edu,friend
example100903@mymail.pomona.edu,example101345@hmc.edu,like
example100938@hmc.edu,example101384@students.pitzer.edu,friend
example100229@scrippscollege.edu,example101823@hmc.edu,like
example100299@students.claremontmckenna.edu,example100689@scrippscollege.edu,friend
example100087@mymail.pomona.edu,example100173@students.pitzer.edu,like
example100479@mymail.pomona.edu,example101913@hmc.edu,like
example100494@students.claremontmckenna.edu,example100606@scrippscollege.edu,like
example101204@students.pitzer.edu,example101410@scrippscollege.edu,like
example100272@hmc.edu,example101338@students.pitzer.edu,like
example100747@hmc.edu,example101201@students.claremontmckenna.edu,friend
example100470@scrippscollege.edu,example101889@mymail.pomona.edu,friend
example100801@hmc.edu,example101268@students.claremontmckenna.edu,friend
example100790@scrippscollege.edu,example101820@scrippscollege.edu,friend
example100085@hmc.edu,example100912@hmc.edu,like
example100752@mymail.pomona.edu,example101359@students.claremontmckenna.edu,friend
example101172@scrippscollege.edu,example101867@students.claremontmckenna.edu,like
example100016@mymail.pomona.edu,example100729@scrippscollege.edu,like
example100757@students.claremontmckenna.edu,example101738@hmc.edu,like
example100701@students.claremontmckenna.edu,example101780@mymail.pomona.edu,friend
example100600@mymail.pomona.edu,example100969@scrippscollege.edu,friend
example100401@scrippscollege.edu,example100534@students.pitzer.edu,like
example100352@students.claremontmckenna.edu,example101454@hmc.edu,friend
example100613@scrippscollege.edu,example101334@students.pitzer.edu,friend
example101312@mymail.pomona.edu,example101560@mymail.pomona.edu,like
example100427@scrippscollege.edu,example100823@mymail.pomona.edu,like
example100506@scrippscollege.edu,example100908@students.claremontmckenna.edu,friend
example101356@mymail.pomona.edu,example101946@students.claremontmckenna.edu,friend
example100221@students.claremontmckenna.edu,example101833@students.pitzer.edu,friend
example101280@mymail.pomona.edu,example101696@students.claremontmckenna.edu,friend
example100233@students.claremontmckenna.edu,example100841@students.claremontmckenna.edu,friend
example100069@students.claremontmckenna.edu,example101625@mymail.pomona.edu,friend
example100715@scrippscollege.edu,example101136@students.pitzer.edu,like
example100797@students.pitzer.edu,example101302@students.claremontmckenna.edu,like
example100227@scrippscollege.edu,example101561@scrippscollege.edu,friend
example100438@scrippscollege.edu,example101260@mymail.pomona.edu,like
example101093@students.pitzer.edu,example101722@scrippscollege.edu,like
example101471@mymail.pomona.edu,example101888@students.pitzer.edu,friend
example100025@scrippscollege.edu,example101402@students.pitzer.edu,friend
example100046@hmc.edu,example101234@students.claremontmckenna.edu,like
example100805@hmc.edu,example100846@scrippscollege.edu,friend
example100502@students.claremontmckenna.edu,example101770@scrippscollege.edu,friend
example100672@students.claremontmckenna.edu,example101392@mymail.pomona.edu,like
example100470@scrippscollege.edu,example101398@scrippscollege.edu,like
example100581@mymail.pomona.edu,example100600@mymail.pomona.edu,like
example100154@hmc.edu,example101707@mymail.pomona.edu,like
example100993@students.pitzer.edu,example101339@hmc.edu,like
example100346@hmc.edu,example101167@scrippscollege.edu,friend
example100166@scrippscollege.edu,example101704@mymail.pomona.edu,like
example101256@scrippscollege.edu,example101528@students.pitzer.edu,like
example100062@hmc.edu,example101901@students.claremontmckenna.edu,like
example100488@students.pitzer.edu,example101960@mymail.pomona.edu,friend
example100585@students.pitzer.edu,example100962@students.claremontmckenna.edu,friend
example101872@scrippscollege.edu,example101936@students.claremontmckenna.edu,friend
example100176@scrippscollege.edu,example100964@students.pitzer.edu,friend
example101537@scrippscollege.edu,example101756@students.pitzer.edu,like
example100471@mymail.pomona.edu,example101393@students.claremontmckenna.edu,friend
example100151@scrippscollege.edu,example101816@scrippscollege.edu,like
example100950@scrippscollege.edu,example101326@scrippscollege.edu,friend
example100682@scrippscollege.edu,example101379@mymail.pomona.edu,like
example100538@mymail.pomona.edu,example101217@students.claremontmckenna.edu,like
example101267@students.claremontmckenna.edu,example101411@hmc.edu,friend
example100291@scrippscollege.edu,example101723@mymail.pomona.edu,friend
example100618@scrippscollege.edu,example101025@mymail.pomona.edu,like
example100550@hmc.edu,example101416@scrippscollege.edu,friend
example101379@mymail.pomona.edu,example101494@students.claremontmckenna.edu,like
example101007@students.pitzer.edu,example101015@students.pitzer.edu,friend
example101173@mymail.pomona.edu,example101405@students.claremontmckenna.edu,friend
example101416@scrippscollege.edu,example101829@mymail.pomona.edu,friend
example100088@mymail.pomona.edu,example100812@students.claremontmckenna.edu,like
example100075@scrippscollege.edu,example101481@students.pitzer.edu,friend
example101100@students.pitzer.edu,example101109@mymail.pomona.edu,like
example100420@hmc.edu,example100620@mymail.pomona.edu,like
example100146@scrippscollege.edu,example101983@scrippscollege.edu,like
example101379@mymail.pomona.edu,example101994@scrippscollege.edu,friend
example101097@students.pitzer.edu,example101588@scrippscollege.edu,friend
example101394@students.pitzer.edu,example101887@scrippscollege.edu,like
example100246@hmc.edu,example100701@students.claremontmckenna.edu,like
example100232@hmc.edu,example100651@hmc.edu,friend
example100333@students.pitzer.edu,example100339@hmc.edu,friend
example100956@scrippscollege.edu,example101227@mymail.pomona.edu,like
example100389@students.pitzer.edu,example101928@scrippscollege.edu,friend
example100999@students.claremontmckenna.edu,example101956@students.claremontmckenna.edu,like
example100150@scrippscollege.edu,example100449@scrippscollege.edu,like
example101734@students.claremontmckenna.edu,example101998@students.pitzer.edu,like
example100042@students.claremontmckenna.edu,example101757@students.pitzer.edu,like
example101078@students.pitzer.edu,example101243@mymail.pomona.edu,like
example100271@students.pitzer.edu,example101231@mymail.pomona.edu,friend
example100708@hmc.edu,example101266@students.pitzer.edu,like
example100016@mymail.pomona.edu,example101529@scrippscollege.edu,like
example100490@students.claremontmckenna.edu,example101309@scrippscollege.edu,friend
example100673@students.pitzer.edu,example101902@hmc.edu,friend
example101894@mymail.pomona.edu,example101921@mymail.pomona.edu,friend
example100132@students.claremontmckenna.edu,example100619@students.claremontmckenna.edu,like
example100119@hmc.edu,example101027@students.pitzer.edu,like
example100139@mymail.pomona.edu,example101908@mymail.pomona.edu,like
example100719@students.claremontmckenna.edu,example101074@scrippscollege.edu,friend
example100119@hmc.edu,example101438@hmc.edu,friend
example100473@students.claremontmckenna.edu,example100565@students.pitzer.edu,friend
example100104@mymail.pomona.edu,example101698@students.pitzer.edu,like
example101031@students.pitzer.edu,example101566@students.pitzer.edu,friend
example100337@mymail.pomona.edu,example100846@scrippscollege.edu,friend
example101410@scrippscollege.edu,example101934@scrippscollege.edu,friend
example100508@scrippscollege.edu,example101159@scrippscollege.edu,friend
example101125@students.claremontmckenna.edu,example101279@scrippscollege.edu,like
example101160@hmc.edu,example101362@students.claremontmckenna.edu,like
example101064@mymail.pomona.edu,example101108@students.claremontmckenna.edu,like
example100975@scrippscollege.edu,example101317@scrippscollege.edu,like
example100000@scrippscollege.edu,example100113@hmc.edu,like
example100490@students.claremontmckenna.edu,example101631@hmc.edu,like
example100223@hmc.edu,example100425@hmc.edu,friend
example100476@hmc.edu,example101154@students.claremontmckenna.edu,like
example100074@students.pitzer.edu,example101981@students.pitzer.edu,like
example100425@hmc.edu,example101672@scrippscollege.edu,friend
example101777@students.claremontmckenna.edu,example101912@mymail.pomona.edu,like
example100831@students.pitzer.edu,example101639@students.claremontmckenna.edu,like
example100171@students.claremontmckenna.edu,example101295@scrippscollege.edu,like
example100873@hmc.edu,example101771@mymail.pomona.edu,friend
example100549@students.claremontmckenna.edu,example101466@students.pitzer.edu,like
example101163@students.claremontmckenna.edu,example101995@mymail.pomona.edu,friend
example101190@scrippscollege.edu,example101749@mymail.pomona.edu,friend
example100772@students.pitzer.edu,example101662@students.claremontmckenna.edu,like
example100927@students.pitzer.edu,example101146@scrippscollege.edu,friend
example100327@hmc.edu,example101089@scrippscollege.edu,like
example100142@hmc.edu,example100644@scrippscollege.edu,like
example100939@students.pitzer.edu,example101617@students.pitzer.edu,like
example100857@students.pitzer.edu,example100922@hmc.edu,like
example101969@scrippscollege.edu,example101986@students.claremontmckenna.edu,friend
example101136@students.pitzer.edu,example101535@scrippscollege.edu,friend
example101577@hmc.edu,example101726@students.claremontmckenna.edu,like
example100193@hmc.edu,example101312@mymail.pomona.edu,friend
example100195@mymail.pomona.edu,example101414@scrippscollege.edu,friend
example101689@students.claremontmckenna.edu,example101824@scrippscollege.edu,friend
example101580@scrippscollege.edu,example101868@hmc.edu,friend
example100586@students.pitzer.edu,example101395@students.claremontmckenna.edu,like
example100006@hmc.edu,example101834@mymail.pomona.edu,like
example100174@mymail.pomona.edu,example101981@students.pitzer.edu,like
example100072@hmc.edu,example101099@mymail.pomona.edu,like
example100858@students.pitzer.edu,example101914@hmc.edu,friend
example100752@mymail.pomona.edu,example100813@hmc.edu,like
example100172@hmc.edu,example101432@hmc.edu,like
example100103@hmc.edu,example100315@mymail.pomona.edu,friend
example100266@scrippscollege.edu,example101506@students.pitzer.edu,like
example100136@students.pitzer.edu,example101492@students.claremontmckenna.edu,friend
example100213@students.claremontmckenna.edu,example101458@students.claremontmckenna.edu,friend
example100824@hmc.edu,example101334@students.pitzer.edu,friend
example100536@students.claremontmckenna.edu,example101137@mymail.pomona.edu,friend
example100587@mymail.pomona.edu,example101129@students.claremontmckenna.edu,friend
example100994@students.pitzer.edu,example101917@students.claremontmckenna.edu,friend
example101347@students.pitzer.edu,example101774@students.claremontmckenna.edu,like
example100919@scrippscollege.edu,example101552@students.claremontmckenna.edu,like
example100128@students.pitzer.edu,example101167@scrippscollege.edu,like
example100084@students.claremontmckenna.edu,example101547@mymail.pomona.edu,friend
example100728@scrippscollege.edu,example100852@students.claremontmckenna.edu,friend
example101494@students.claremontmckenna.edu,example101513@mymail.pomona.edu,like
example100271@students.pitzer.edu,example101723@mymail.pomona.edu,friend
example101468@scrippscollege.edu,example101855@students.claremontmckenna.edu,friend
example100143@scrippscollege.edu,example100160@students.claremontmckenna.edu,like
example101479@mymail.pomona.edu,example101523@scrippscollege.edu,like
example100835@students.pitzer.edu,example100994@students.pitzer.edu,like
example101387@mymail.pomona.edu,example101404@students.pitzer.edu,like
example100228@students.claremontmckenna.edu,example101432@hmc.edu,friend
example101110@hmc.edu,example101115@scrippscollege.edu,like
example101353@mymail.pomona.edu,example101722@scrippscollege.edu,like
example100856@students.pitzer.edu,example101416@scrippscollege.edu,like
example100693@scrippscollege.edu,example101043@mymail.pomona.edu,friend
example101139@scrippscollege.edu,example101823@hmc.edu,friend
example100434@students.pitzer.edu,example101326@scrippscollege.edu,friend
example100031@hmc.edu,example101532@hmc.edu,like
example101722@scrippscollege.edu,example101787@students.claremontmckenna.edu,friend
example101591@hmc.edu,example101740@students.pitzer.edu,like
example100164@scrippscollege.edu,example101533@mymail.pomona.edu,friend
example101100@students.pitzer.edu,example101953@scrippscollege.edu,friend
example100895@mymail.pomona.edu,example101292@hmc.edu,like
example100385@scrippscollege.edu,example101557@students.pitzer.edu,friend
example100711@scrippscollege.edu,example100750@hmc.edu,like
example100179@students.claremontmckenna.edu,example100622@scrippscollege.edu,friend
example100741@hmc.edu,example101858@hmc.edu,friend
example100858@students.pitzer.edu,example101523@scrippscollege.edu,like
example100832@hmc.edu,example101055@students.pitzer.edu,friend
example100687@scrippscollege.edu,example101904@hmc.edu,friend
example100418@students.claremontmckenna.edu,example100662@students.claremontmckenna.edu,like
example101025@mymail.pomona.edu,example101524@hmc.edu,friend
example100071@mymail.pomona.edu,example100472@scrippscollege.edu,friend
example100374@students.pitzer.edu,example101961@students.claremontmckenna.edu,friend
example101956@students.claremontmckenna.edu,example101967@mymail.pomona.edu,friend
example100052@students.pitzer.edu,example101358@hmc.edu,like
example100225@mymail.pomona.edu,example100646@scrippscollege.edu,friend
example100275@scrippscollege.edu,example101288@hmc.edu,friend
example100460@scrippscollege.edu,example101915@scrippscollege.edu,friend
example100528@hmc.edu,example100772@students.pitzer.edu,like
example101001@students.pitzer.edu,example101912@mymail.pomona.edu,friend
example101444@students.claremontmckenna.edu,example101466@students.pitzer.edu,like
example100210@students.claremontmckenna.edu,example100211@students.pitzer.edu,friend
example101217@students.claremontmckenna.edu,example101572@students.pitzer.edu,like
example100959@hmc.edu,example101638@scrippscollege.edu,friend
example101369@hmc.edu,example101860@mymail.pomona.edu,friend
example101360@scrippscollege.edu,example101495@mymail.pomona.edu,friend
example100555@students.pitzer.edu,example101742@hmc.edu,friend
example100570@students.claremontmckenna.edu,example100782@scrippscollege.edu,friend
example100755@students.pitzer.edu,example101330@mymail.pomona.edu,friend
example100522@students.pitzer.edu,example100863@hmc.edu,like
example100183@students.pitzer.edu,example100792@students.pitzer.edu,like
example100370@students.claremontmckenna.edu,example101171@mymail.pomona.edu,like
example100534@students.pitzer.edu,example101183@mymail.pomona.edu,like
example100537@scrippscollege.edu,example101970@scrippscollege.edu,like
example100330@students.pitzer.edu,example100943@students.claremontmckenna.edu,like
example100170@mymail.pomona.edu,example101912@mymail.pomona.edu,friend
example100846@scrippscollege.edu,example101440@students.pitzer.edu,friend
example101135@students.claremontmckenna.edu,example101689@students.claremontmckenna.edu,friend
example101544@students.claremontmckenna.edu,example101665@scrippscollege.edu,like
example100955@students.claremontmckenna.edu,example101557@students.pitzer.edu,friend
example101251@mymail.pomona.edu,example101554@mymail.pomona.edu,friend
example100268@scrippscollege.edu,example101295@scrippscollege.edu,like
example100775@students.pitzer.edu,example101127@students.claremontmckenna.edu,friend
example100706@mymail.pomona.edu,example101449@students.pitzer.edu,friend
example100022@students.pitzer.edu,example100876@scrippscollege.edu,like
example100095@students.pitzer.edu,example101520@mymail.pomona.edu,like
example101233@students.claremontmckenna.edu,example101344@scrippscollege.edu,friend
example100164@scrippscollege.edu,example101411@hmc.edu,friend
example101023@scrippscollege.edu,example101762@mymail.pomona.edu,friend
example100526@students.claremontmckenna.edu,example100964@students.pitzer.edu,friend
example100251@mymail.pomona.edu,example100660@scrippscollege.edu,friend
example100114@mymail.pomona.edu,example101490@hmc.edu,friend
example100069@students.claremontmckenna.edu,example100898@students.pitzer.edu,friend
example100058@mymail.pomona.edu,example101070@students.claremontmckenna.edu,like
example101574@mymail.pomona.edu,example101585@students.claremontmckenna.edu,friend
example100880@students.claremontmckenna.edu,example101545@hmc.edu,like
example100979@students.claremontmckenna.edu,example101956@students.claremontmckenna.edu,friend
example100469@students.claremontmckenna.edu,example100880@students.claremontmckenna.edu,like
example100821@mymail.pomona.edu,example101724@hmc.edu,friend
example100096@scrippscollege.edu,example100763@students.pitzer.edu,like
example101722@scrippscollege.edu,example101829@mymail.pomona.edu,like
example101104@scrippscollege.edu,example101325@students.claremontmckenna.edu,like
example100086@students.pitzer.edu,example101268@students.claremontmckenna.edu,friend
example100059@students.claremontmckenna.edu,example101013@students.pitzer.edu,like
example100544@students.pitzer.edu,example101614@mymail.pomona.edu,like
example101545@hmc.edu,example101969@scrippscollege.edu,friend
example100342@hmc.edu,example100818@students.pitzer.edu,like
example100459@hmc.edu,example100609@scrippscollege.edu,like
example100173@students.pitzer.edu,example100858@students.pitzer.edu,friend
example100813@hmc.edu,example101119@students.pitzer.edu,like
example100581@mymail.pomona.edu,example100624@scrippscollege.edu,friend
example100809@mymail.pomona.edu,example101547@mymail.pomona.edu,like
example100457@hmc.edu,example101526@students.pitzer.edu,friend
example100032@students.claremontmckenna.edu,example101535@scrippscollege.edu,friend
example100016@mymail.pomona.edu,example100914@scrippscollege.edu,friend
example101326@scrippscollege.edu,example101999@hmc.edu,like
example101072@hmc.edu,example101575@students.pitzer.edu,like
example101163@students.claremontmckenna.edu,example101378@hmc.edu,like
example100414@mymail.pomona.edu,example100479@mymail.pomona.edu,like
example100208@scrippscollege.edu,example100273@students.claremontmckenna.edu,like
example100390@hmc.edu,example100923@scrippscollege.edu,friend
example100108@scrippscollege.edu,example101432@hmc.edu,friend
example100915@students.pitzer.edu,example101970@scrippscollege.edu,friend
example101138@hmc.edu,example101522@hmc.edu,like
example100946@hmc.edu,example100954@students.claremontmckenna.edu,friend
example100943@students.claremontmckenna.edu,example101339@hmc.edu,like
example101244@mymail.pomona.edu,example101767@students.pitzer.edu,friend
example100109@students.claremontmckenna.edu,example101653@students.claremontmckenna.edu,like
example100292@hmc.edu,example101007@students.pitzer.edu,friend
example100167@students.claremontmckenna.edu,example101825@students.pitzer.edu,friend
example100102@mymail.pomona.edu,example100572@scrippscollege.edu,like
example101367@students.claremontmckenna.edu,example101584@scrippscollege.edu,friend
example100535@mymail.pomona.edu,example101274@scrippscollege.edu,friend
example100321@students.pitzer.edu,example101069@students.claremontmckenna.edu,like
example100417@hmc.edu,example101362@students.claremontmckenna.edu,friend
example101348@scrippscollege.edu,example101689@students.claremontmckenna.edu,like
example100722@hmc.edu,example101538@mymail.pomona.edu,friend
example101294@mymail.pomona.edu,example101953@scrippscollege.edu,like
example100030@hmc.edu,example100727@students.pitzer.edu,friend
example100089@students.pitzer.edu,example101449@students.pitzer.edu,friend
example101630@students.claremontmckenna.edu,example101955@hmc.edu,like
example100299@students.claremontmckenna.edu,example100344@scrippscollege.edu,friend
example101253@students.claremontmckenna.edu,example101650@scrippscollege.edu,friend
example100819@students.claremontmckenna.edu,example101661@mymail.pomona.edu,like
example100877@students.pitzer.edu,example101066@scrippscollege.edu,friend
example100478@scrippscollege.edu,example101773@students.claremontmckenna.edu,friend
example100218@scrippscollege.edu,example100365@scrippscollege.edu,like
example101099@mymail.pomona.edu,example101432@hmc.edu,friend
example101267@students.claremontmckenna.edu,example101411@hmc.edu,like
example100019@scrippscollege.edu,example101272@students.pitzer.edu,like
example100106@scrippscollege.edu,example100734@students.pitzer.edu,like
example100416@students.pitzer.edu,example101720@hmc.edu,like
example100382@mymail.pomona.edu,example101388@students.pitzer.edu,friend
example101233@students.claremontmckenna.edu,example101779@scrippscollege.edu,like
example100361@hmc.edu,example101705@scrippscollege.edu,friend
example100079@students.pitzer.edu,example100644@scrippscollege.edu,friend
example100745@scrippscollege.edu,example100757@students.claremontmckenna.edu,like
example100650@students.pitzer.edu,example101700@scrippscollege.edu,friend
example100349@students.pitzer.edu,example101694@hmc.edu,friend
example100252@scrippscollege.edu,example101232@students.pitzer.edu,like
example100556@scrippscollege.edu,example101179@students.claremontmckenna.edu,like
example100075@scrippscollege.edu,example100657@students.claremontmckenna.edu,friend
example100318@hmc.edu,example101072@hmc.edu,friend
example100150@scrippscollege.edu,example101097@students.pitzer.edu,like
example101406@students.pitzer.edu,example101881@students.pitzer.edu,friend
example100317@mymail.pomona.edu,example101936@students.claremontmckenna.edu,like
example100383@students.claremontmckenna.edu,example101831@students.pitzer.edu,friend
example101245@students.pitzer.edu,example101730@mymail.pomona.edu,like
example100425@hmc.edu,example100936@students.pitzer.edu,friend
example101682@students.pitzer.edu,example101931@hmc.edu,like
example100278@scrippscollege.edu,example101206@mymail.pomona.edu,friend
example100735@scrippscollege.edu,example101306@hmc.edu,like
example100151@scrippscollege.edu,example101761@students.claremontmckenna.edu,like
example100130@hmc.edu,example101598@students.claremontmckenna.edu,like
example100204@hmc.edu,example101246@scrippscollege.edu,friend
example100416@students.pitzer.edu,example101412@students.pitzer.edu,friend
example101451@hmc.edu,example101581@mymail.pomona.edu,like
example100756@scrippscollege.edu,example100831@students.pitzer.edu,friend
example100576@students.claremontmckenna.edu,example100902@hmc.edu,friend
example100741@hmc.edu,example100917@mymail.pomona.edu,like
example100005@students.pitzer.edu,example101451@hmc.edu,like
example100409@hmc.edu,example100931@students.pitzer.edu,friend
example100527@scrippscollege.edu,example100885@students.claremontmckenna.edu,friend
example100743@students.pitzer.edu,example101417@students.claremontmckenna.edu,friend
example100907@hmc.edu,example101032@scrippscollege.edu,like
example101455@students.claremontmckenna.edu,example101995@mymail.pomona.edu,like
example101018@students.pitzer.edu,example101429@students.claremontmckenna.edu,like
example100637@scrippscollege.edu,example100698@hmc.edu,like
example100950@scrippscollege.edu,example100955@students.claremontmckenna.edu,friend
example100121@students.pitzer.edu,example101025@mymail.pomona.edu,friend
example100436@students.claremontmckenna.edu,example101228@students.claremontmckenna.edu,like
example100381@scrippscollege.edu,example101944@scrippscollege.edu,friend
example101496@students.claremontmckenna.edu,example101914@hmc.edu,friend
example100948@hmc.edu,example101150@students.pitzer.edu,friend
example100456@mymail.pomona.edu,example101397@students.pitzer.edu,friend
example100192@scrippscollege.edu,example100498@hmc.edu,friend
example101740@students.pitzer.edu,example101835@scrippscollege.edu,friend
example100763@students.pitzer.edu,example101983@scrippscollege.edu,like
example100177@scrippscollege.edu,example100502@students.claremontmckenna.edu,like
example100561@students.pitzer.edu,example100627@students.claremontmckenna.edu,like
example100061@mymail.pomona.edu,example100565@students.pitzer.edu,like
example101149@hmc.edu,example101163@students.claremontmckenna.edu,like
example100291@scrippscollege.edu,example101454@hmc.edu,like
example100705@students.pitzer.edu,example101363@mymail.pomona.edu,like
example100709@students.claremontmckenna.edu,example100838@hmc.edu,like
example100055@scrippscollege.edu,example100714@mymail.pomona.edu,friend
example100913@students.pitzer.edu,example100994@students.pitzer.edu,friend
example100079@students.pitzer.edu,example100613@scrippscollege.edu,like
example101141@students.pitzer.edu,example101903@students.pitzer.edu,friend
example101456@students.pitzer.edu,example101818@students.pitzer.edu,friend
example100910@scrippscollege.edu,example101696@students.claremontmckenna.edu,like
example100799@scrippscollege.edu,example101814@hmc.edu,friend
example101776@mymail.pomona.edu,example101907@students.pitzer.edu,friend
example101405@students.claremontmckenna.edu,example101896@hmc.edu,friend
example100951@scrippscollege.edu,example101176@hmc.edu,like
example100440@students.pitzer.edu,example101191@students.claremontmckenna.edu,friend
example100374@students.pitzer.edu,example101857@students.pitzer.edu,friend
example100312@students.claremontmckenna.edu,example101873@students.pitzer.edu,like
example100688@students.pitzer.edu,example101816@scrippscollege.edu,like
example100246@hmc.edu,example100352@students.claremontmckenna.edu,like
example100561@students.pitzer.edu,example101052@students.pitzer.edu,friend
example100123@students.claremontmckenna.edu,example101308@students.pitzer.edu,like
example100060@students.claremontmckenna.edu,example100516@students.claremontmckenna.edu,friend
example100255@scrippscollege.edu,example101005@scrippscollege.edu,like
example100705@students.pitzer.edu,example101503@hmc.edu,friend
example101718@hmc.edu,example101868@hmc.edu,friend
example101443@scrippscollege.edu,example101472@scrippscollege.edu,like
example100286@students.pitzer.edu,example101333@hmc.edu,friend
example100001@students.claremontmckenna.edu,example101030@hmc.edu,friend
example101192@students.claremontmckenna.edu,example101274@scrippscollege.edu,friend
example100000@scrippscollege.edu,example100168@mymail.pomona.edu,like
example100881@scrippscollege.edu,example101094@scrippscollege.edu,friend
example100284@scrippscollege.edu,example101871@students.pitzer.edu,like
example100683@mymail.pomona.edu,example100742@hmc.edu,like
example100494@students.claremontmckenna.edu,example101542@hmc.edu,like
example101224@hmc.edu,example101368@mymail.pomona.edu,friend
example101001@students.pitzer.edu,example101537@scrippscollege.edu,like
example100068@students.pitzer.edu,example100402@students.pitzer.edu,like
example100989@students.pitzer.edu,example101639@students.claremontmckenna.edu,friend
example100077@hmc.edu,example100180@students.claremontmckenna.edu,like
example100945@hmc.edu,example101463@students.claremontmckenna.edu,friend
example100337@mymail.pomona.edu,example100853@mymail.pomona.edu,friend
example100256@hmc.edu,example100977@hmc.edu,friend
example100761@mymail.pomona.edu,example101264@scrippscollege.edu,like
example101383@students.claremontmckenna.edu,example101437@mymail.pomona.edu,friend
example100227@scrippscollege.edu,example100593@students.claremontmckenna.edu,friend
example101141@students.pitzer.edu,example101634@scrippscollege.edu,friend
example100361@hmc.edu,example100979@students.claremontmckenna.edu,like
example100257@mymail.pomona.edu,example100304@students.claremontmckenna.edu,friend
example100563@scrippscollege.edu,example101410@scrippscollege.edu,friend
example100454@students.claremontmckenna.edu,example101600@hmc.edu,like
example100472@scrippscollege.edu,example101432@hmc.edu,friend
example100354@students.pitzer.edu,example101180@students.pitzer.edu,friend
example100714@mymail.pomona.edu,example101353@mymail.pomona.edu,friend
example100664@students.pitzer.edu,example101168@students.claremontmckenna.edu,friend
example101179@students.claremontmckenna.edu,example101340@hmc.edu,like
example101408@mymail.pomona.edu,example101597@mymail.pomona.edu,like
example100310@hmc.edu,example101903@students.pitzer.edu,like
example101569@scrippscollege.edu,example101686@students.pitzer.edu,like
example101099@mymail.pomona.edu,example101948@mymail.pomona.edu,like
example100439@mymail.pomona.edu,example101025@mymail.pomona.edu,friend
example100125@students.claremontmckenna.edu,example101991@hmc.edu,friend
example101758@scrippscollege.edu,example101921@mymail.pomona.edu,like
example100527@scrippscollege.edu,example101391@scrippscollege.edu,like
example101150@students.pitzer.edu,example101784@scrippscollege.edu,friend
example100150@scrippscollege.edu,example101070@students.claremontmckenna.edu,friend
example100684@hmc.edu,example101679@mymail.pomona.edu,friend
example101271@students.claremontmckenna.edu,example101884@hmc.edu,like
example100059@students.claremontmckenna.edu,example101163@students.claremontmckenna.edu,friend
example100291@scrippscollege.edu,example101989@scrippscollege.edu,friend
example100440@students.pitzer.edu,example101547@mymail.pomona.edu,friend
example100422@mymail.pomona.edu,example101002@mymail.pomona.edu,friend
example100352@students.claremontmckenna.edu,example101602@scrippscollege.edu,like
example100519@mymail.pomona.edu,example100905@hmc.edu,like
example100184@mymail.pomona.edu,example101110@hmc.edu,friend
example100012@hmc.edu,example101576@students.pitzer.edu,like
example101091@scrippscollege.edu,example101099@mymail.pomona.edu,like
example100821@mymail.pomona.edu,example100824@hmc.edu,like
example101461@hmc.edu,example101475@students.pitzer.edu,like
example100626@scrippscollege.edu,example101678@hmc.edu,friend
example101054@mymail.pomona.edu,example101542@hmc.edu,like
example101338@students.pitzer.edu,example101490@hmc.edu,friend
example100740@students.pitzer.edu,example100895@mymail.pomona.edu,like
example101064@mymail.pomona.edu,example101242@scrippscollege.edu,friend
example100436@students.claremontmckenna.edu,example101281@students.claremontmckenna.edu,like
example100865@students.pitzer.edu,example101592@hmc.edu,friend
example100321@students.pitzer.edu,example101557@students.pitzer.edu,like
example101873@students.pitzer.edu,example101929@students.pitzer.edu,friend
example101896@hmc.edu,example101911@students.claremontmckenna.edu,like
example100860@students.pitzer.edu,example101479@mymail.pomona.edu,like
example100227@scrippscollege.edu,example100846@scrippscollege.edu,friend
example100339@hmc.edu,example101034@hmc.edu,like
example100411@students.claremontmckenna.edu,example101847@students.claremontmckenna.edu,like
example100114@mymail.pomona.edu,example101142@students.pitzer.edu,like
example100703@mymail.pomona.edu,example100806@hmc.edu,friend
example100053@scrippscollege.edu,example100943@students.claremontmckenna.edu,like
example100463@mymail.pomona.edu,example101723@mymail.pomona.edu,like
example101128@students.claremontmckenna.edu,example101652@students.pitzer.edu,friend
example100351@scrippscollege.edu,example101264@scrippscollege.edu,friend
example101607@hmc.edu,example101654@students.pitzer.edu,like
example100649@students.pitzer.edu,example100940@scrippscollege.edu,like
example100841@students.claremontmckenna.edu,example101552@students.claremontmckenna.edu,like
example101535@scrippscollege.edu,example101867@students.claremontmckenna.edu,friend
example100218@scrippscollege.edu,example101646@hmc.edu,friend
example100276@mymail.pomona.edu,example100317@mymail.pomona.edu,like
example100820@mymail.pomona.edu,example101295@scrippscollege.edu,friend
example100775@students.pitzer.edu,example101127@students.claremontmckenna.edu,like
example100706@mymail.pomona.edu,example101449@students.pitzer.edu,like
example101255@students.claremontmckenna.edu,example101563@hmc.edu,like
example100258@students.pitzer.edu,example101831@students.pitzer.edu,like
example101010@hmc.edu,example101233@students.claremontmckenna.edu,like
example100221@students.claremontmckenna.edu,example101697@students.claremontmckenna.edu,friend
example100080@hmc.edu,example101939@students.pitzer.edu,friend
example100946@hmc.edu,example101764@students.claremontmckenna.edu,like
example100544@students.pitzer.edu,example100997@scrippscollege.edu,friend
example100945@hmc.edu,example100976@mymail.pomona.edu,like
example100571@students.claremontmckenna.edu,example101327@mymail.pomona.edu,friend
example101379@mymail.pomona.edu,example101695@hmc.edu,like
example100713@mymail.pomona.edu,example101912@mymail.pomona.edu,friend
example101253@students.claremontmckenna.edu,example101565@hmc.edu,like
example100810@mymail.pomona.edu,example101834@mymail.pomona.edu,like
example100801@hmc.edu,example101101@mymail.pomona.edu,like
example100662@students.claremontmckenna.edu,example100859@mymail.pomona.edu,friend
example100292@hmc.edu,example100712@scrippscollege.edu,friend
example100315@mymail.pomona.edu,example101991@hmc.edu,like
example100266@scrippscollege.edu,example100448@students.claremontmckenna.edu,friend
example101852@students.claremontmckenna.edu,example101866@hmc.edu,friend
example100898@students.pitzer.edu,example101025@mymail.pomona.edu,friend
example100634@scrippscollege.edu,example101482@students.pitzer.edu,friend
example100120@scrippscollege.edu,example100292@hmc.edu,like
example100222@mymail.pomona.edu,example100987@students.pitzer.edu,friend
example100608@hmc.edu,example101648@hmc.edu,like
example101524@hmc.edu,example101919@students.claremontmckenna.edu,like
example101156@mymail.pomona.edu,example101474@students.pitzer.edu,like
example101070@students.claremontmckenna.edu,example101696@students.claremontmckenna.edu,like
example101506@students.pitzer.edu,example101763@scrippscollege.edu,like
example101322@scrippscollege.edu,example101834@mymail.pomona.edu,like
example100122@scrippscollege.edu,example101730@mymail.pomona.edu,friend
example100260@students.pitzer.edu,example101198@students.claremontmckenna.edu,friend
example100101@students.claremontmckenna.edu,example101822@students.claremontmckenna.edu,friend
example100398@scrippscollege.edu,example101940@scrippscollege.edu,like
example101123@mymail.pomona.edu,example101465@students.claremontmckenna.edu,friend
example100001@students.claremontmckenna.edu,example100250@students.pitzer.edu,like
example100521@students.pitzer.edu,example101518@hmc.edu,friend
example101140@scrippscollege.edu,example101649@mymail.pomona.edu,like
example101029@students.claremontmckenna.edu,example101973@students.pitzer.edu,like
example101198@students.claremontmckenna.edu,example101672@scrippscollege.edu,friend
example100632@mymail.pomona.edu,example101599@students.pitzer.edu,like
example100494@students.claremontmckenna.edu,example100779@students.claremontmckenna.edu,friend
example100004@students.pitzer.edu,example101794@scrippscollege.edu,like
example100788@hmc.edu,example100973@students.pitzer.edu,like
example100749@mymail.pomona.edu,example100762@hmc.edu,like
example100699@students.pitzer.edu,example101591@hmc.edu,like
example100308@students.claremontmckenna.edu,example101495@mymail.pomona.edu,friend
example101279@scrippscollege.edu,example101769@students.claremontmckenna.edu,friend
example100278@scrippscollege.edu,example100595@scrippscollege.edu,like
example101210@mymail.pomona.edu,example101311@scrippscollege.edu,friend
example100659@scrippscollege.edu,example100931@students.pitzer.edu,like
example100117@mymail.pomona.edu,example101756@students.pitzer.edu,like
example101185@mymail.pomona.edu,example101613@hmc.edu,like
example101113@students.pitzer.edu,example101458@students.claremontmckenna.edu,friend
example101161@students.claremontmckenna.edu,example101324@mymail.pomona.edu,friend
example100272@hmc.edu,example100819@students.claremontmckenna.edu,friend
example100286@students.pitzer.edu,example101039@students.pitzer.edu,friend
example100058@mymail.pomona.edu,example101979@scrippscollege.edu,friend
example101067@students.claremontmckenna.edu,example101362@students.claremontmckenna.edu,friend
example100584@mymail.pomona.edu,example101903@students.pitzer.edu,friend
example100272@hmc.edu,example100317@mymail.pomona.edu,like
example101058@students.pitzer.edu,example101958@hmc.edu,like
example100747@hmc.edu,example101282@students.pitzer.edu,like
example100466@hmc.edu,example100813@hmc.edu,friend
example100156@mymail.pomona.edu,example101742@hmc.edu,like
example100181@students.claremontmckenna.edu,example101174@students.claremontmckenna.edu,like
example100303@students.claremontmckenna.edu,example100692@hmc.edu,friend
example101249@mymail.pomona.edu,example101725@hmc.edu,like
example100643@scrippscollege.edu,example101423@hmc.edu,friend
example101398@scrippscollege.edu,example101678@hmc.edu,friend
example100511@students.claremontmckenna.edu,example100717@students.pitzer.edu,like
example100566@mymail.pomona.edu,example101277@students.pitzer.edu,like
example100447@mymail.pomona.edu,example100530@students.pitzer.edu,friend
example100602@hmc.edu,example101308@students.pitzer.edu,friend
example100333@students.pitzer.edu,example101745@scrippscollege.edu,friend
example100009@students.pitzer.edu,example100513@scrippscollege.edu,friend
example100674@hmc.edu,example100890@hmc.edu,friend
example100160@students.claremontmckenna.edu,example100335@hmc.edu,like
example100467@mymail.pomona.edu,example101156@mymail.pomona.edu,like
example100183@students.pitzer.edu,example101648@hmc.edu,like
example100295@students.claremontmckenna.edu,example100987@students.pitzer.edu,like
example100422@mymail.pomona.edu,example101981@students.pitzer.edu,friend
example100951@scrippscollege.edu,example101981@students.pitzer.edu,like
example100027@hmc.edu,example101831@students.pitzer.edu,friend
example100352@students.claremontmckenna.edu,example100841@students.claremontmckenna.edu,like
example101734@students.claremontmckenna.edu,example101797@scrippscollege.edu,like
example101286@hmc.edu,example101946@students.claremontmckenna.edu,like
example100057@hmc.edu,example101900@mymail.pomona.edu,like
example100908@students.claremontmckenna.edu,example101414@scrippscollege.edu,friend
example100198@hmc.edu,example100213@students.claremontmckenna.edu,friend
example101132@scrippscollege.edu,example101757@students.pitzer.edu,friend
example100886@students.claremontmckenna.edu,example101784@scrippscollege.edu,like
example100534@students.pitzer.edu,example101216@scrippscollege.edu,like
example100349@students.pitzer.edu,example101665@scrippscollege.edu,friend
example100460@scrippscollege.edu,example101757@students.pitzer.edu,like
example100425@hmc.edu,example100936@students.pitzer.edu,like
example100136@students.pitzer.edu,example101147@hmc.edu,like
example100308@students.claremontmckenna.edu,example101179@students.claremontmckenna.edu,friend
example100357@hmc.edu,example101419@students.pitzer.edu,friend
example100028@mymail.pomona.edu,example101120@hmc.edu,like
example100337@mymail.pomona.edu,example101371@mymail.pomona.edu,friend
example100430@students.claremontmckenna.edu,example100867@hmc.edu,friend
example100068@students.pitzer.edu,example101915@scrippscollege.edu,friend
example100290@students.pitzer.edu,example100683@mymail.pomona.edu,like
example100218@scrippscollege.edu,example100377@students.claremontmckenna.edu,friend
example100164@scrippscollege.edu,example100181@students.claremontmckenna.edu,like
example100178@scrippscollege.edu,example100983@students.claremontmckenna.edu,like
example101100@students.pitzer.edu,example101172@scrippscollege.edu,friend
example101650@scrippscollege.edu,example101793@students.claremontmckenna.edu,like
example100487@students.pitzer.edu,example101432@hmc.edu,like
example100176@scrippscollege.edu,example101819@students.pitzer.edu,friend
example101603@students.claremontmckenna.edu,example101990@students.claremontmckenna.edu,like
example100023@students.claremontmckenna.edu,example101192@students.claremontmckenna.edu,like
example100619@students.claremontmckenna.edu,example101571@students.pitzer.edu,friend
example101018@students.pitzer.edu,example101159@scrippscollege.edu,friend
example100738@mymail.pomona.edu,example101300@mymail.pomona.edu,like
example100769@mymail.pomona.edu,example101698@students.pitzer.edu,friend
example100573@students.claremontmckenna.edu,example100583@students.claremontmckenna.edu,friend
example100234@hmc.edu,example101766@students.pitzer.edu,friend
example101533@mymail.pomona.edu,example101911@students.claremontmckenna.edu,friend
example100267@mymail.pomona.edu,example100734@students.pitzer.edu,like
example100608@hmc.edu,example101308@students.pitzer.edu,like
example101910@mymail.pomona.edu,example101921@mymail.pomona.edu,like
example100839@students.claremontmckenna.edu,example101641@scrippscollege.edu,like
example100438@scrippscollege.edu,example101905@hmc.edu,like
example100418@students.claremontmckenna.edu,example101023@scrippscollege.edu,like
example101229@students.pitzer.edu,example101966@students.claremontmckenna.edu,friend
example100126@scrippscollege.edu,example100697@students.pitzer.edu,friend
example100074@students.pitzer.edu,example101032@scrippscollege.edu,like
example100090@scrippscollege.edu,example101964@mymail.pomona.edu,like
example100942@students.claremontmckenna.edu,example100998@students.claremontmckenna.edu,friend
example101323@mymail.pomona.edu,example101730@mymail.pomona.edu,friend
example100636@hmc.edu,example101709@hmc.edu,like
example100090@scrippscollege.edu,example100209@students.claremontmckenna.edu,like
example101215@hmc.edu,example101229@students.pitzer.edu,friend
example100001@students.claremontmckenna.edu,example101165@hmc.edu,like
example100055@scrippscollege.edu,example101945@scrippscollege.edu,like
example100515@hmc.edu,example100680@hmc.edu,friend
example101288@hmc.edu,example101400@mymail.pomona.edu,friend
example100931@students.pitzer.edu,example101351@students.claremontmckenna.edu,friend
example100247@students.pitzer.edu,example101281@students.claremontmckenna.edu,like
example100430@students.claremontmckenna.edu,example101811@students.pitzer.edu,like
example100929@hmc.edu,example101940@scrippscollege.edu,like
example100309@students.pitzer.edu,example101906@scrippscollege.edu,like
example100034@scrippscollege.edu,example100656@scrippscollege.edu,friend
example100107@scrippscollege.edu,example100465@students.pitzer.edu,like
example101495@mymail.pomona.edu,example101868@hmc.edu,friend
example100619@students.claremontmckenna.edu,example100973@students.pitzer.edu,friend
example100637@scrippscollege.edu,example101942@scrippscollege.edu,friend
example100617@hmc.edu,example101530@hmc.edu,friend
example100482@hmc.edu,example100982@mymail.pomona.edu,friend
example100523@hmc.edu,example101649@mymail.pomona.edu,like
example100294@students.claremontmckenna.edu,example101790@scrippscollege.edu,friend
example100925@mymail.pomona.edu,example101806@hmc.edu,like
example101437@mymail.pomona.edu,example101850@scrippscollege.edu,friend
example100982@mymail.pomona.edu,example101289@students.pitzer.edu,like
example100689@scrippscollege.edu,example101487@scrippscollege.edu,friend
example100807@scrippscollege.edu,example101403@hmc.edu,friend
example100902@hmc.edu,example101683@hmc.edu,friend
example100149@hmc.edu,example101927@students.pitzer.edu,like
example100561@students.pitzer.edu,example101463@students.claremontmckenna.edu,friend
example100268@scrippscollege.edu,example100448@students.claremontmckenna.edu,friend
example100653@students.pitzer.edu,example101290@students.claremontmckenna.edu,friend
example101302@students.claremontmckenna.edu,example101967@mymail.pomona.edu,like
example100740@students.pitzer.edu,example100942@students.claremontmckenna.edu,like
example100245@mymail.pomona.edu,example101104@scrippscollege.edu,friend
example100523@hmc.edu,example101883@hmc.edu,like
example100037@scrippscollege.edu,example101025@mymail.pomona.edu,like
example100860@students.pitzer.edu,example101415@students.claremontmckenna.edu,like
example100042@students.claremontmckenna.edu,example101547@mymail.pomona.edu,friend
example100506@scrippscollege.edu,example101421@students.claremontmckenna.edu,friend
example100315@mymail.pomona.edu,example101264@scrippscollege.edu,friend
example100145@scrippscollege.edu,example100495@mymail.pomona.edu,friend
example100747@hmc.edu,example101590@mymail.pomona.edu,friend
example100292@hmc.edu,example101594@students.claremontmckenna.edu,friend
example100016@mymail.pomona.edu,example100729@scrippscollege.edu,friend
example101343@students.pitzer.edu,example101946@students.claremontmckenna.edu,friend
example100297@hmc.edu,example101790@scrippscollege.edu,like
example100331@students.pitzer.edu,example100868@scrippscollege.edu,like
example100650@students.pitzer.edu,example101995@mymail.pomona.edu,friend
example100409@hmc.edu,example100846@scrippscollege.edu,friend
example100274@students.claremontmckenna.edu,example101688@mymail.pomona.edu,friend
example100057@hmc.edu,example100761@mymail.pomona.edu,friend
example100912@hmc.edu,example101061@hmc.edu,friend
example100593@students.claremontmckenna.edu,example101480@mymail.pomona.edu,like
example101442@mymail.pomona.edu,example101877@mymail.pomona.edu,like
example101174@students.claremontmckenna.edu,example101964@mymail.pomona.edu,like
example101247@mymail.pomona.edu,example101809@students.claremontmckenna.edu,friend
example100279@students.pitzer.edu,example100598@students.claremontmckenna.edu,friend
example101327@mymail.pomona.edu,example101566@students.pitzer.edu,like
